class,0,1,2
GALAXY,0.27871141391201953,0.4326856758348053,0.2886029102531752
QSO,0.04393228205263435,0.5959601286851959,0.36010758926216974
STAR,0.40363063814022415,0.27558581087339074,0.3207835509863851
