class,0,1,2,3
GALAXY,0.12428295062662965,0.43340903356043403,0.26490032803431746,0.1774076877786189
QSO,0.6258108749538527,0.05136859870260008,0.028795949580718315,0.29402457676282895
STAR,0.18458831156802816,0.15921089191442067,0.36459201630082433,0.29160878021672687
